#Testseq	
	
#S431_ArnicaRAD_TP1_1_S1	
Barcode_combination	individualID
Xba01-Eco01	N1
Xba02-Eco01	AM09_03
Xba03-Eco01	AM08_07
Xba04-Eco01	AM09_09
Xba05-Eco01	AM10_02
Xba06-Eco01	AM10_08
Xba07-Eco01	AM09_12
Xba08-Eco01	AM10_03
Xba09-Eco01	AM15_13
Xba10-Eco01	AM102_03
Xba11-Eco01	AM15_08
Xba12-Eco01	AM15_02
Xba01-Eco02	AM09_06
Xba02-Eco02	AM15_03
Xba03-Eco02	AM102_04
Xba04-Eco02	AM08_04
Xba05-Eco02	AM09_04
Xba06-Eco02	AM09_05
Xba07-Eco02	AM09_10
Xba08-Eco02	AM09_08
Xba09-Eco02	AM08_09
Xba10-Eco02	AM101_15
Xba11-Eco02	AM15_04
Xba12-Eco02	AM08_01
Xba01-Eco03	AM101_17
Xba02-Eco03	AM102_07
Xba03-Eco03	AM09_11
Xba04-Eco03	AM09_07
Xba05-Eco03	AM08_03
Xba06-Eco03	AM102_08
Xba07-Eco03	AM08_05
Xba08-Eco03	AM15_10
Xba09-Eco03	AM101_21
Xba10-Eco03	AM10_06
Xba11-Eco03	AM09_01
Xba12-Eco03	AM102_20
Xba01-Eco04	AM08_06
Xba02-Eco04	AM101_19
Xba03-Eco04	AM101_18
Xba04-Eco04	AM10_01
Xba05-Eco04	AM15_11
Xba06-Eco04	AM101_26
Xba07-Eco04	AM102_21
Xba08-Eco04	AM102_01
Xba09-Eco04	AM104_04
Xba10-Eco04	AM102_05
Xba11-Eco04	AM15_16
Xba12-Eco04	AM102_13
Xba01-Eco05	AM102_23
Xba02-Eco05	AM101_22
Xba03-Eco05	AM10_05
Xba04-Eco05	AM15_14
Xba05-Eco05	AM15_06
Xba06-Eco05	AM09_02
Xba07-Eco05	AM101_14
Xba08-Eco05	AM15_07
Xba09-Eco05	AM101_02
Xba10-Eco05	AM15_17
Xba11-Eco05	AM101_32
Xba12-Eco05	AM104_15
Xba01-Eco06	AM101_20
Xba02-Eco06	AM101_13
Xba03-Eco06	AM15_19
Xba04-Eco06	AM10_04
Xba05-Eco06	AM15_20
Xba06-Eco06	AM104_11
Xba07-Eco06	AM15_18
Xba08-Eco06	AM08_02
Xba09-Eco06	AM102_14
Xba10-Eco06	AM15_12
Xba11-Eco06	AM101_04
Xba12-Eco06	AM102_12
Xba01-Eco07	AM103_28
Xba02-Eco07	AM101_30
Xba03-Eco07	AM101_12
Xba04-Eco07	AM103_09
Xba05-Eco07	AM15_01
Xba06-Eco07	AM103_10
Xba07-Eco07	AM101_28
Xba08-Eco07	AM101_01
Xba09-Eco07	AM15_15
Xba10-Eco07	AM10_07
Xba11-Eco07	AM102_19
Xba12-Eco07	AM103_02
Xba01-Eco08	AM102_06
Xba02-Eco08	AM08_08
Xba03-Eco08	AM15_21
Xba04-Eco08	AM103_22
Xba05-Eco08	AM103_05
Xba06-Eco08	AM104_08
Xba07-Eco08	AM104_17
Xba08-Eco08	AM103_30
Xba09-Eco08	AM15_09
Xba10-Eco08	AM104_09
Xba11-Eco08	AM102_09
Xba12-Eco08	AM101_24
	
#S432_ArnicaRAD_TP1_2_S2	
Barcode_combination	individualID
Xba01-Eco01	N1
Xba02-Eco01	AM09_03
Xba03-Eco01	AM08_07
Xba04-Eco01	AM09_09
Xba05-Eco01	AM10_02
Xba06-Eco01	AM10_08
Xba07-Eco01	AM09_12
Xba08-Eco01	AM10_03
Xba09-Eco01	AM15_13
Xba10-Eco01	AM102_03
Xba11-Eco01	AM15_08
Xba12-Eco01	AM15_02
Xba01-Eco02	AM09_06
Xba02-Eco02	AM15_03
Xba03-Eco02	AM102_04
Xba04-Eco02	AM08_04
Xba05-Eco02	AM09_04
Xba06-Eco02	AM09_05
Xba07-Eco02	AM09_10
Xba08-Eco02	AM09_08
Xba09-Eco02	AM08_09
Xba10-Eco02	AM101_15
Xba11-Eco02	AM15_04
Xba12-Eco02	AM08_01
Xba01-Eco03	AM101_17
Xba02-Eco03	AM102_07
Xba03-Eco03	AM09_11
Xba04-Eco03	AM09_07
Xba05-Eco03	AM08_03
Xba06-Eco03	AM102_08
Xba07-Eco03	AM08_05
Xba08-Eco03	AM15_10
Xba09-Eco03	AM101_21
Xba10-Eco03	AM10_06
Xba11-Eco03	AM09_01
Xba12-Eco03	AM102_20
Xba01-Eco04	AM08_06
Xba02-Eco04	AM101_19
Xba03-Eco04	AM101_18
Xba04-Eco04	AM10_01
Xba05-Eco04	AM15_11
Xba06-Eco04	AM101_26
Xba07-Eco04	AM102_21
Xba08-Eco04	AM102_01
Xba09-Eco04	AM104_04
Xba10-Eco04	AM102_05
Xba11-Eco04	AM15_16
Xba12-Eco04	AM102_13
Xba01-Eco05	AM102_23
Xba02-Eco05	AM101_22
Xba03-Eco05	AM10_05
Xba04-Eco05	AM15_14
Xba05-Eco05	AM15_06
Xba06-Eco05	AM09_02
Xba07-Eco05	AM101_14
Xba08-Eco05	AM15_07
Xba09-Eco05	AM101_02
Xba10-Eco05	AM15_17
Xba11-Eco05	AM101_32
Xba12-Eco05	AM104_15
Xba01-Eco06	AM101_20
Xba02-Eco06	AM101_13
Xba03-Eco06	AM15_19
Xba04-Eco06	AM10_04
Xba05-Eco06	AM15_20
Xba06-Eco06	AM104_11
Xba07-Eco06	AM15_18
Xba08-Eco06	AM08_02
Xba09-Eco06	AM102_14
Xba10-Eco06	AM15_12
Xba11-Eco06	AM101_04
Xba12-Eco06	AM102_12
Xba01-Eco07	AM103_28
Xba02-Eco07	AM101_30
Xba03-Eco07	AM101_12
Xba04-Eco07	AM103_09
Xba05-Eco07	AM15_01
Xba06-Eco07	AM103_10
Xba07-Eco07	AM101_28
Xba08-Eco07	AM101_01
Xba09-Eco07	AM15_15
Xba10-Eco07	AM10_07
Xba11-Eco07	AM102_19
Xba12-Eco07	AM103_02
Xba01-Eco08	AM102_06
Xba02-Eco08	AM08_08
Xba03-Eco08	AM15_21
Xba04-Eco08	AM103_22
Xba05-Eco08	AM103_05
Xba06-Eco08	AM104_08
Xba07-Eco08	AM104_17
Xba08-Eco08	AM103_30
Xba09-Eco08	AM15_09
Xba10-Eco08	AM104_09
Xba11-Eco08	AM102_09
Xba12-Eco08	AM101_24
	
#S433_ArnicaRAD_TP1_3_S3	
Barcode_combination	individualID
Xba01-Eco01	N1
Xba02-Eco01	AM09_03
Xba03-Eco01	AM08_07
Xba04-Eco01	AM09_09
Xba05-Eco01	AM10_02
Xba06-Eco01	AM10_08
Xba07-Eco01	AM09_12
Xba08-Eco01	AM10_03
Xba09-Eco01	AM15_13
Xba10-Eco01	AM102_03
Xba11-Eco01	AM15_08
Xba12-Eco01	AM15_02
Xba01-Eco02	AM09_06
Xba02-Eco02	AM15_03
Xba03-Eco02	AM102_04
Xba04-Eco02	AM08_04
Xba05-Eco02	AM09_04
Xba06-Eco02	AM09_05
Xba07-Eco02	AM09_10
Xba08-Eco02	AM09_08
Xba09-Eco02	AM08_09
Xba10-Eco02	AM101_15
Xba11-Eco02	AM15_04
Xba12-Eco02	AM08_01
Xba01-Eco03	AM101_17
Xba02-Eco03	AM102_07
Xba03-Eco03	AM09_11
Xba04-Eco03	AM09_07
Xba05-Eco03	AM08_03
Xba06-Eco03	AM102_08
Xba07-Eco03	AM08_05
Xba08-Eco03	AM15_10
Xba09-Eco03	AM101_21
Xba10-Eco03	AM10_06
Xba11-Eco03	AM09_01
Xba12-Eco03	AM102_20
Xba01-Eco04	AM08_06
Xba02-Eco04	AM101_19
Xba03-Eco04	AM101_18
Xba04-Eco04	AM10_01
Xba05-Eco04	AM15_11
Xba06-Eco04	AM101_26
Xba07-Eco04	AM102_21
Xba08-Eco04	AM102_01
Xba09-Eco04	AM104_04
Xba10-Eco04	AM102_05
Xba11-Eco04	AM15_16
Xba12-Eco04	AM102_13
Xba01-Eco05	AM102_23
Xba02-Eco05	AM101_22
Xba03-Eco05	AM10_05
Xba04-Eco05	AM15_14
Xba05-Eco05	AM15_06
Xba06-Eco05	AM09_02
Xba07-Eco05	AM101_14
Xba08-Eco05	AM15_07
Xba09-Eco05	AM101_02
Xba10-Eco05	AM15_17
Xba11-Eco05	AM101_32
Xba12-Eco05	AM104_15
Xba01-Eco06	AM101_20
Xba02-Eco06	AM101_13
Xba03-Eco06	AM15_19
Xba04-Eco06	AM10_04
Xba05-Eco06	AM15_20
Xba06-Eco06	AM104_11
Xba07-Eco06	AM15_18
Xba08-Eco06	AM08_02
Xba09-Eco06	AM102_14
Xba10-Eco06	AM15_12
Xba11-Eco06	AM101_04
Xba12-Eco06	AM102_12
Xba01-Eco07	AM103_28
Xba02-Eco07	AM101_30
Xba03-Eco07	AM101_12
Xba04-Eco07	AM103_09
Xba05-Eco07	AM15_01
Xba06-Eco07	AM103_10
Xba07-Eco07	AM101_28
Xba08-Eco07	AM101_01
Xba09-Eco07	AM15_15
Xba10-Eco07	AM10_07
Xba11-Eco07	AM102_19
Xba12-Eco07	AM103_02
Xba01-Eco08	AM102_06
Xba02-Eco08	AM08_08
Xba03-Eco08	AM15_21
Xba04-Eco08	AM103_22
Xba05-Eco08	AM103_05
Xba06-Eco08	AM104_08
Xba07-Eco08	AM104_17
Xba08-Eco08	AM103_30
Xba09-Eco08	AM15_09
Xba10-Eco08	AM104_09
Xba11-Eco08	AM102_09
Xba12-Eco08	AM101_24
	
#S434_ArnicaRAD_TP1_4_S4	
Barcode_combination	individualID
Xba01-Eco01	N1
Xba02-Eco01	AM09_03
Xba03-Eco01	AM08_07
Xba04-Eco01	AM09_09
Xba05-Eco01	AM10_02
Xba06-Eco01	AM10_08
Xba07-Eco01	AM09_12
Xba08-Eco01	AM10_03
Xba09-Eco01	AM15_13
Xba10-Eco01	AM102_03
Xba11-Eco01	AM15_08
Xba12-Eco01	AM15_02
Xba01-Eco02	AM09_06
Xba02-Eco02	AM15_03
Xba03-Eco02	AM102_04
Xba04-Eco02	AM08_04
Xba05-Eco02	AM09_04
Xba06-Eco02	AM09_05
Xba07-Eco02	AM09_10
Xba08-Eco02	AM09_08
Xba09-Eco02	AM08_09
Xba10-Eco02	AM101_15
Xba11-Eco02	AM15_04
Xba12-Eco02	AM08_01
Xba01-Eco03	AM101_17
Xba02-Eco03	AM102_07
Xba03-Eco03	AM09_11
Xba04-Eco03	AM09_07
Xba05-Eco03	AM08_03
Xba06-Eco03	AM102_08
Xba07-Eco03	AM08_05
Xba08-Eco03	AM15_10
Xba09-Eco03	AM101_21
Xba10-Eco03	AM10_06
Xba11-Eco03	AM09_01
Xba12-Eco03	AM102_20
Xba01-Eco04	AM08_06
Xba02-Eco04	AM101_19
Xba03-Eco04	AM101_18
Xba04-Eco04	AM10_01
Xba05-Eco04	AM15_11
Xba06-Eco04	AM101_26
Xba07-Eco04	AM102_21
Xba08-Eco04	AM102_01
Xba09-Eco04	AM104_04
Xba10-Eco04	AM102_05
Xba11-Eco04	AM15_16
Xba12-Eco04	AM102_13
Xba01-Eco05	AM102_23
Xba02-Eco05	AM101_22
Xba03-Eco05	AM10_05
Xba04-Eco05	AM15_14
Xba05-Eco05	AM15_06
Xba06-Eco05	AM09_02
Xba07-Eco05	AM101_14
Xba08-Eco05	AM15_07
Xba09-Eco05	AM101_02
Xba10-Eco05	AM15_17
Xba11-Eco05	AM101_32
Xba12-Eco05	AM104_15
Xba01-Eco06	AM101_20
Xba02-Eco06	AM101_13
Xba03-Eco06	AM15_19
Xba04-Eco06	AM10_04
Xba05-Eco06	AM15_20
Xba06-Eco06	AM104_11
Xba07-Eco06	AM15_18
Xba08-Eco06	AM08_02
Xba09-Eco06	AM102_14
Xba10-Eco06	AM15_12
Xba11-Eco06	AM101_04
Xba12-Eco06	AM102_12
Xba01-Eco07	AM103_28
Xba02-Eco07	AM101_30
Xba03-Eco07	AM101_12
Xba04-Eco07	AM103_09
Xba05-Eco07	AM15_01
Xba06-Eco07	AM103_10
Xba07-Eco07	AM101_28
Xba08-Eco07	AM101_01
Xba09-Eco07	AM15_15
Xba10-Eco07	AM10_07
Xba11-Eco07	AM102_19
Xba12-Eco07	AM103_02
Xba01-Eco08	AM102_06
Xba02-Eco08	AM08_08
Xba03-Eco08	AM15_21
Xba04-Eco08	AM103_22
Xba05-Eco08	AM103_05
Xba06-Eco08	AM104_08
Xba07-Eco08	AM104_17
Xba08-Eco08	AM103_30
Xba09-Eco08	AM15_09
Xba10-Eco08	AM104_09
Xba11-Eco08	AM102_09
Xba12-Eco08	AM101_24
	
#S435_ArnicaRAD_TP2_1_S5	
Barcode_combination	individualID
Xba01-Eco01	N2
Xba02-Eco01	AM204_02
Xba03-Eco01	AM09_03
Xba04-Eco01	AM15_05
Xba05-Eco01	AM201_11
Xba06-Eco01	AM201_16
Xba07-Eco01	AM102_03
Xba08-Eco01	AM201_13
Xba09-Eco01	AM202_05
Xba10-Eco01	AM203_11
Xba11-Eco01	AM201_06
Xba12-Eco01	AM103_07
Xba01-Eco02	AM201_01
Xba02-Eco02	AM204_28
Xba03-Eco02	AM201_12
Xba04-Eco02	AM201_07
Xba05-Eco02	AM203_02
Xba06-Eco02	AM201_10
Xba07-Eco02	AM203_19
Xba08-Eco02	AM201_24
Xba09-Eco02	AM202_01
Xba10-Eco02	AM201_17
Xba11-Eco02	AM201_23
Xba12-Eco02	AM104_02
Xba01-Eco03	AM203_06
Xba02-Eco03	AM104_04
Xba03-Eco03	AM203_10
Xba04-Eco03	AM205_02
Xba05-Eco03	AM201_21
Xba06-Eco03	AM103_21
Xba07-Eco03	AM201_09
Xba08-Eco03	AM204_27
Xba09-Eco03	AM205_04
Xba10-Eco03	AM203_21
Xba11-Eco03	AM201_02
Xba12-Eco03	AM102_18
Xba01-Eco04	AM204_09
Xba02-Eco04	AM205_03
Xba03-Eco04	AM204_05
Xba04-Eco04	AM201_20
Xba05-Eco04	AM203_05
Xba06-Eco04	AM203_04
Xba07-Eco04	AM201_08
Xba08-Eco04	AM202_04
Xba09-Eco04	AM204_07
Xba10-Eco04	AM104_03
Xba11-Eco04	AM203_27
Xba12-Eco04	AM103_19
Xba01-Eco05	AM201_18
Xba02-Eco05	AM204_26
Xba03-Eco05	AM203_28
Xba04-Eco05	AM203_03
Xba05-Eco05	AM203_08
Xba06-Eco05	AM204_06
Xba07-Eco05	AM201_03
Xba08-Eco05	AM201_22
Xba09-Eco05	AM204_08
Xba10-Eco05	AM203_23
Xba11-Eco05	AM201_14
Xba12-Eco05	AM46_12
Xba01-Eco06	AM203_18
Xba02-Eco06	AM102_22
Xba03-Eco06	AM204_22
Xba04-Eco06	AM204_03
Xba05-Eco06	AM202_03
Xba06-Eco06	AM204_29
Xba07-Eco06	AM203_13
Xba08-Eco06	AM201_19
Xba09-Eco06	AM46_10
Xba10-Eco06	AM203_14
Xba11-Eco06	AM201_05
Xba12-Eco06	AM202_06
Xba01-Eco07	AM203_01
Xba02-Eco07	AM46_02
Xba03-Eco07	AM204_10
Xba04-Eco07	AM203_20
Xba05-Eco07	AM103_26
Xba06-Eco07	AM37_05
Xba07-Eco07	AM203_29
Xba08-Eco07	AM203_07
Xba09-Eco07	AM102_16
Xba10-Eco07	AM102_17
Xba11-Eco07	AM204_25
Xba12-Eco07	AM203_12
Xba01-Eco08	AM204_04
Xba02-Eco08	AM204_19
Xba03-Eco08	AM204_14
Xba04-Eco08	AM201_15
Xba05-Eco08	AM204_23
Xba06-Eco08	AM204_30
Xba07-Eco08	AM201_04
Xba08-Eco08	AM204_01
Xba09-Eco08	AM101_09
Xba10-Eco08	AM103_18
Xba11-Eco08	AM102_10
Xba12-Eco08	AM101_07
	
#S436_ArnicaRAD_TP2_2_S6	
Barcode_combination	individualID
Xba01-Eco01	N2
Xba02-Eco01	AM204_02
Xba03-Eco01	AM09_03
Xba04-Eco01	AM15_05
Xba05-Eco01	AM201_11
Xba06-Eco01	AM201_16
Xba07-Eco01	AM102_03
Xba08-Eco01	AM201_13
Xba09-Eco01	AM202_05
Xba10-Eco01	AM203_11
Xba11-Eco01	AM201_06
Xba12-Eco01	AM103_07
Xba01-Eco02	AM201_01
Xba02-Eco02	AM204_28
Xba03-Eco02	AM201_12
Xba04-Eco02	AM201_07
Xba05-Eco02	AM203_02
Xba06-Eco02	AM201_10
Xba07-Eco02	AM203_19
Xba08-Eco02	AM201_24
Xba09-Eco02	AM202_01
Xba10-Eco02	AM201_17
Xba11-Eco02	AM201_23
Xba12-Eco02	AM104_02
Xba01-Eco03	AM203_06
Xba02-Eco03	AM104_04
Xba03-Eco03	AM203_10
Xba04-Eco03	AM205_02
Xba05-Eco03	AM201_21
Xba06-Eco03	AM103_21
Xba07-Eco03	AM201_09
Xba08-Eco03	AM204_27
Xba09-Eco03	AM205_04
Xba10-Eco03	AM203_21
Xba11-Eco03	AM201_02
Xba12-Eco03	AM102_18
Xba01-Eco04	AM204_09
Xba02-Eco04	AM205_03
Xba03-Eco04	AM204_05
Xba04-Eco04	AM201_20
Xba05-Eco04	AM203_05
Xba06-Eco04	AM203_04
Xba07-Eco04	AM201_08
Xba08-Eco04	AM202_04
Xba09-Eco04	AM204_07
Xba10-Eco04	AM104_03
Xba11-Eco04	AM203_27
Xba12-Eco04	AM103_19
Xba01-Eco05	AM201_18
Xba02-Eco05	AM204_26
Xba03-Eco05	AM203_28
Xba04-Eco05	AM203_03
Xba05-Eco05	AM203_08
Xba06-Eco05	AM204_06
Xba07-Eco05	AM201_03
Xba08-Eco05	AM201_22
Xba09-Eco05	AM204_08
Xba10-Eco05	AM203_23
Xba11-Eco05	AM201_14
Xba12-Eco05	AM46_12
Xba01-Eco06	AM203_18
Xba02-Eco06	AM102_22
Xba03-Eco06	AM204_22
Xba04-Eco06	AM204_03
Xba05-Eco06	AM202_03
Xba06-Eco06	AM204_29
Xba07-Eco06	AM203_13
Xba08-Eco06	AM201_19
Xba09-Eco06	AM46_10
Xba10-Eco06	AM203_14
Xba11-Eco06	AM201_05
Xba12-Eco06	AM202_06
Xba01-Eco07	AM203_01
Xba02-Eco07	AM46_02
Xba03-Eco07	AM204_10
Xba04-Eco07	AM203_20
Xba05-Eco07	AM103_26
Xba06-Eco07	AM37_05
Xba07-Eco07	AM203_29
Xba08-Eco07	AM203_07
Xba09-Eco07	AM102_16
Xba10-Eco07	AM102_17
Xba11-Eco07	AM204_25
Xba12-Eco07	AM203_12
Xba01-Eco08	AM204_04
Xba02-Eco08	AM204_19
Xba03-Eco08	AM204_14
Xba04-Eco08	AM201_15
Xba05-Eco08	AM204_23
Xba06-Eco08	AM204_30
Xba07-Eco08	AM201_04
Xba08-Eco08	AM204_01
Xba09-Eco08	AM101_09
Xba10-Eco08	AM103_18
Xba11-Eco08	AM102_10
Xba12-Eco08	AM101_07
	
#S437_ArnicaRAD_TP2_3_S7	
Barcode_combination	individualID
Xba01-Eco01	N2
Xba02-Eco01	AM204_02
Xba03-Eco01	AM09_03
Xba04-Eco01	AM15_05
Xba05-Eco01	AM201_11
Xba06-Eco01	AM201_16
Xba07-Eco01	AM102_03
Xba08-Eco01	AM201_13
Xba09-Eco01	AM202_05
Xba10-Eco01	AM203_11
Xba11-Eco01	AM201_06
Xba12-Eco01	AM103_07
Xba01-Eco02	AM201_01
Xba02-Eco02	AM204_28
Xba03-Eco02	AM201_12
Xba04-Eco02	AM201_07
Xba05-Eco02	AM203_02
Xba06-Eco02	AM201_10
Xba07-Eco02	AM203_19
Xba08-Eco02	AM201_24
Xba09-Eco02	AM202_01
Xba10-Eco02	AM201_17
Xba11-Eco02	AM201_23
Xba12-Eco02	AM104_02
Xba01-Eco03	AM203_06
Xba02-Eco03	AM104_04
Xba03-Eco03	AM203_10
Xba04-Eco03	AM205_02
Xba05-Eco03	AM201_21
Xba06-Eco03	AM103_21
Xba07-Eco03	AM201_09
Xba08-Eco03	AM204_27
Xba09-Eco03	AM205_04
Xba10-Eco03	AM203_21
Xba11-Eco03	AM201_02
Xba12-Eco03	AM102_18
Xba01-Eco04	AM204_09
Xba02-Eco04	AM205_03
Xba03-Eco04	AM204_05
Xba04-Eco04	AM201_20
Xba05-Eco04	AM203_05
Xba06-Eco04	AM203_04
Xba07-Eco04	AM201_08
Xba08-Eco04	AM202_04
Xba09-Eco04	AM204_07
Xba10-Eco04	AM104_03
Xba11-Eco04	AM203_27
Xba12-Eco04	AM103_19
Xba01-Eco05	AM201_18
Xba02-Eco05	AM204_26
Xba03-Eco05	AM203_28
Xba04-Eco05	AM203_03
Xba05-Eco05	AM203_08
Xba06-Eco05	AM204_06
Xba07-Eco05	AM201_03
Xba08-Eco05	AM201_22
Xba09-Eco05	AM204_08
Xba10-Eco05	AM203_23
Xba11-Eco05	AM201_14
Xba12-Eco05	AM46_12
Xba01-Eco06	AM203_18
Xba02-Eco06	AM102_22
Xba03-Eco06	AM204_22
Xba04-Eco06	AM204_03
Xba05-Eco06	AM202_03
Xba06-Eco06	AM204_29
Xba07-Eco06	AM203_13
Xba08-Eco06	AM201_19
Xba09-Eco06	AM46_10
Xba10-Eco06	AM203_14
Xba11-Eco06	AM201_05
Xba12-Eco06	AM202_06
Xba01-Eco07	AM203_01
Xba02-Eco07	AM46_02
Xba03-Eco07	AM204_10
Xba04-Eco07	AM203_20
Xba05-Eco07	AM103_26
Xba06-Eco07	AM37_05
Xba07-Eco07	AM203_29
Xba08-Eco07	AM203_07
Xba09-Eco07	AM102_16
Xba10-Eco07	AM102_17
Xba11-Eco07	AM204_25
Xba12-Eco07	AM203_12
Xba01-Eco08	AM204_04
Xba02-Eco08	AM204_19
Xba03-Eco08	AM204_14
Xba04-Eco08	AM201_15
Xba05-Eco08	AM204_23
Xba06-Eco08	AM204_30
Xba07-Eco08	AM201_04
Xba08-Eco08	AM204_01
Xba09-Eco08	AM101_09
Xba10-Eco08	AM103_18
Xba11-Eco08	AM102_10
Xba12-Eco08	AM101_07
	
#S438_ArnicaRAD_TP2_4_S8	
Barcode_combination	individualID
Xba01-Eco01	N2
Xba02-Eco01	AM204_02
Xba03-Eco01	AM09_03
Xba04-Eco01	AM15_05
Xba05-Eco01	AM201_11
Xba06-Eco01	AM201_16
Xba07-Eco01	AM102_03
Xba08-Eco01	AM201_13
Xba09-Eco01	AM202_05
Xba10-Eco01	AM203_11
Xba11-Eco01	AM201_06
Xba12-Eco01	AM103_07
Xba01-Eco02	AM201_01
Xba02-Eco02	AM204_28
Xba03-Eco02	AM201_12
Xba04-Eco02	AM201_07
Xba05-Eco02	AM203_02
Xba06-Eco02	AM201_10
Xba07-Eco02	AM203_19
Xba08-Eco02	AM201_24
Xba09-Eco02	AM202_01
Xba10-Eco02	AM201_17
Xba11-Eco02	AM201_23
Xba12-Eco02	AM104_02
Xba01-Eco03	AM203_06
Xba02-Eco03	AM104_04
Xba03-Eco03	AM203_10
Xba04-Eco03	AM205_02
Xba05-Eco03	AM201_21
Xba06-Eco03	AM103_21
Xba07-Eco03	AM201_09
Xba08-Eco03	AM204_27
Xba09-Eco03	AM205_04
Xba10-Eco03	AM203_21
Xba11-Eco03	AM201_02
Xba12-Eco03	AM102_18
Xba01-Eco04	AM204_09
Xba02-Eco04	AM205_03
Xba03-Eco04	AM204_05
Xba04-Eco04	AM201_20
Xba05-Eco04	AM203_05
Xba06-Eco04	AM203_04
Xba07-Eco04	AM201_08
Xba08-Eco04	AM202_04
Xba09-Eco04	AM204_07
Xba10-Eco04	AM104_03
Xba11-Eco04	AM203_27
Xba12-Eco04	AM103_19
Xba01-Eco05	AM201_18
Xba02-Eco05	AM204_26
Xba03-Eco05	AM203_28
Xba04-Eco05	AM203_03
Xba05-Eco05	AM203_08
Xba06-Eco05	AM204_06
Xba07-Eco05	AM201_03
Xba08-Eco05	AM201_22
Xba09-Eco05	AM204_08
Xba10-Eco05	AM203_23
Xba11-Eco05	AM201_14
Xba12-Eco05	AM46_12
Xba01-Eco06	AM203_18
Xba02-Eco06	AM102_22
Xba03-Eco06	AM204_22
Xba04-Eco06	AM204_03
Xba05-Eco06	AM202_03
Xba06-Eco06	AM204_29
Xba07-Eco06	AM203_13
Xba08-Eco06	AM201_19
Xba09-Eco06	AM46_10
Xba10-Eco06	AM203_14
Xba11-Eco06	AM201_05
Xba12-Eco06	AM202_06
Xba01-Eco07	AM203_01
Xba02-Eco07	AM46_02
Xba03-Eco07	AM204_10
Xba04-Eco07	AM203_20
Xba05-Eco07	AM103_26
Xba06-Eco07	AM37_05
Xba07-Eco07	AM203_29
Xba08-Eco07	AM203_07
Xba09-Eco07	AM102_16
Xba10-Eco07	AM102_17
Xba11-Eco07	AM204_25
Xba12-Eco07	AM203_12
Xba01-Eco08	AM204_04
Xba02-Eco08	AM204_19
Xba03-Eco08	AM204_14
Xba04-Eco08	AM201_15
Xba05-Eco08	AM204_23
Xba06-Eco08	AM204_30
Xba07-Eco08	AM201_04
Xba08-Eco08	AM204_01
Xba09-Eco08	AM101_09
Xba10-Eco08	AM103_18
Xba11-Eco08	AM102_10
Xba12-Eco08	AM101_07
	
#S309_ArnicaRAD_TP3_1_S1	
Barcode_combination	individualID
Xba01-Eco01	N3
Xba02-Eco01	LAG_LIF544
Xba03-Eco01	AM09_03
Xba04-Eco01	AM21_34
Xba05-Eco01	GER03_317
Xba06-Eco01	GER03_324
Xba07-Eco01	NET01_1088
Xba08-Eco01	GER03_331
Xba09-Eco01	GER03_330
Xba10-Eco01	NET01_1077
Xba11-Eco01	GER03_319
Xba12-Eco01	GER07_317b
Xba01-Eco02	NET01_1081
Xba02-Eco02	NOR01_1609
Xba03-Eco02	SWE01_1426
Xba04-Eco02	NOR03_396
Xba05-Eco02	AM102_03
Xba06-Eco02	SWE01_1417
Xba07-Eco02	NET01_1082
Xba08-Eco02	GER07_314
Xba09-Eco02	GER07_304
Xba10-Eco02	AM21_52
Xba11-Eco02	LAG_LIF546
Xba12-Eco02	CZE01_705
Xba01-Eco03	AM21_31
Xba02-Eco03	NOR01_1607
Xba03-Eco03	NOR01_1601
Xba04-Eco03	CZE01_701
Xba05-Eco03	LAG_LIF547
Xba06-Eco03	AM42_03
Xba07-Eco03	GER07_313
Xba08-Eco03	CZE01_715
Xba09-Eco03	CZE01_706
Xba10-Eco03	AM21_40
Xba11-Eco03	FRA02_123
Xba12-Eco03	SWE01_1423
Xba01-Eco04	ELS_LIF430
Xba02-Eco04	AUS01_989
Xba03-Eco04	GER07_320
Xba04-Eco04	PIND_06
Xba05-Eco04	LAG_LIF570
Xba06-Eco04	AM21_55
Xba07-Eco04	LAG_LIF577
Xba08-Eco04	SALD_06
Xba09-Eco04	ROM01_1800
Xba10-Eco04	NOR01_1605
Xba11-Eco04	PIND_07
Xba12-Eco04	GER03_315
Xba01-Eco05	COUT_02
Xba02-Eco05	AM104_04
Xba03-Eco05	FRA02_127
Xba04-Eco05	AM42_12
Xba05-Eco05	NOR01_1598
Xba06-Eco05	AM40_15
Xba07-Eco05	AM203_09
Xba08-Eco05	LAG_LIF537
Xba09-Eco05	AM101_25
Xba10-Eco05	AM46_04
Xba11-Eco05	AM204_12
Xba12-Eco05	AM204_21
Xba01-Eco06	AM40_05
Xba02-Eco06	AM46_20
Xba03-Eco06	AM46_01
Xba04-Eco06	AM102_11
Xba05-Eco06	AUS01_979
Xba06-Eco06	AM46_06
Xba07-Eco06	AM103_23
Xba08-Eco06	RIPO_09
Xba09-Eco06	AM103_16
Xba10-Eco06	AM46_03
Xba11-Eco06	AM103_24
Xba12-Eco06	AM204_17
Xba01-Eco07	AM103_13
Xba02-Eco07	NET01_1080
Xba03-Eco07	AM104_05
Xba04-Eco07	FRA02_129
Xba05-Eco07	SALD_07
Xba06-Eco07	AM103_04
Xba07-Eco07	AM103_12
Xba08-Eco07	AM101_10
Xba09-Eco07	AM103_27
Xba10-Eco07	AM43_16
Xba11-Eco07	FRA02_139
Xba12-Eco07	AM103_15
Xba01-Eco08	AM40_16
Xba02-Eco08	SALD_08
Xba03-Eco08	AM103_25
Xba04-Eco08	RIPO_06
Xba05-Eco08	COUT_05
Xba06-Eco08	AM203_25
Xba07-Eco08	AM203_24
Xba08-Eco08	AM103_11
Xba09-Eco08	AM203_26
Xba10-Eco08	AM101_31
Xba11-Eco08	AM40_19
Xba12-Eco08	RIPO_02
	
#S310_ArnicaRAD_TP3_2_S2	
Barcode_combination	individualID
Xba01-Eco01	N3
Xba02-Eco01	LAG_LIF544
Xba03-Eco01	AM09_03
Xba04-Eco01	AM21_34
Xba05-Eco01	GER03_317
Xba06-Eco01	GER03_324
Xba07-Eco01	NET01_1088
Xba08-Eco01	GER03_331
Xba09-Eco01	GER03_330
Xba10-Eco01	NET01_1077
Xba11-Eco01	GER03_319
Xba12-Eco01	GER07_317b
Xba01-Eco02	NET01_1081
Xba02-Eco02	NOR01_1609
Xba03-Eco02	SWE01_1426
Xba04-Eco02	NOR03_396
Xba05-Eco02	AM102_03
Xba06-Eco02	SWE01_1417
Xba07-Eco02	NET01_1082
Xba08-Eco02	GER07_314
Xba09-Eco02	GER07_304
Xba10-Eco02	AM21_52
Xba11-Eco02	LAG_LIF546
Xba12-Eco02	CZE01_705
Xba01-Eco03	AM21_31
Xba02-Eco03	NOR01_1607
Xba03-Eco03	NOR01_1601
Xba04-Eco03	CZE01_701
Xba05-Eco03	LAG_LIF547
Xba06-Eco03	AM42_03
Xba07-Eco03	GER07_313
Xba08-Eco03	CZE01_715
Xba09-Eco03	CZE01_706
Xba10-Eco03	AM21_40
Xba11-Eco03	FRA02_123
Xba12-Eco03	SWE01_1423
Xba01-Eco04	ELS_LIF430
Xba02-Eco04	AUS01_989
Xba03-Eco04	GER07_320
Xba04-Eco04	PIND_06
Xba05-Eco04	LAG_LIF570
Xba06-Eco04	AM21_55
Xba07-Eco04	LAG_LIF577
Xba08-Eco04	SALD_06
Xba09-Eco04	ROM01_1800
Xba10-Eco04	NOR01_1605
Xba11-Eco04	PIND_07
Xba12-Eco04	GER03_315
Xba01-Eco05	COUT_02
Xba02-Eco05	AM104_04
Xba03-Eco05	FRA02_127
Xba04-Eco05	AM42_12
Xba05-Eco05	NOR01_1598
Xba06-Eco05	AM40_15
Xba07-Eco05	AM203_09
Xba08-Eco05	LAG_LIF537
Xba09-Eco05	AM101_25
Xba10-Eco05	AM46_04
Xba11-Eco05	AM204_12
Xba12-Eco05	AM204_21
Xba01-Eco06	AM40_05
Xba02-Eco06	AM46_20
Xba03-Eco06	AM46_01
Xba04-Eco06	AM102_11
Xba05-Eco06	AUS01_979
Xba06-Eco06	AM46_06
Xba07-Eco06	AM103_23
Xba08-Eco06	RIPO_09
Xba09-Eco06	AM103_16
Xba10-Eco06	AM46_03
Xba11-Eco06	AM103_24
Xba12-Eco06	AM204_17
Xba01-Eco07	AM103_13
Xba02-Eco07	NET01_1080
Xba03-Eco07	AM104_05
Xba04-Eco07	FRA02_129
Xba05-Eco07	SALD_07
Xba06-Eco07	AM103_04
Xba07-Eco07	AM103_12
Xba08-Eco07	AM101_10
Xba09-Eco07	AM103_27
Xba10-Eco07	AM43_16
Xba11-Eco07	FRA02_139
Xba12-Eco07	AM103_15
Xba01-Eco08	AM40_16
Xba02-Eco08	SALD_08
Xba03-Eco08	AM103_25
Xba04-Eco08	RIPO_06
Xba05-Eco08	COUT_05
Xba06-Eco08	AM203_25
Xba07-Eco08	AM203_24
Xba08-Eco08	AM103_11
Xba09-Eco08	AM203_26
Xba10-Eco08	AM101_31
Xba11-Eco08	AM40_19
Xba12-Eco08	RIPO_02
	
#S311_ArnicaRAD_TP3_3_S3	
Barcode_combination	individualID
Xba01-Eco01	N3
Xba02-Eco01	LAG_LIF544
Xba03-Eco01	AM09_03
Xba04-Eco01	AM21_34
Xba05-Eco01	GER03_317
Xba06-Eco01	GER03_324
Xba07-Eco01	NET01_1088
Xba08-Eco01	GER03_331
Xba09-Eco01	GER03_330
Xba10-Eco01	NET01_1077
Xba11-Eco01	GER03_319
Xba12-Eco01	GER07_317b
Xba01-Eco02	NET01_1081
Xba02-Eco02	NOR01_1609
Xba03-Eco02	SWE01_1426
Xba04-Eco02	NOR03_396
Xba05-Eco02	AM102_03
Xba06-Eco02	SWE01_1417
Xba07-Eco02	NET01_1082
Xba08-Eco02	GER07_314
Xba09-Eco02	GER07_304
Xba10-Eco02	AM21_52
Xba11-Eco02	LAG_LIF546
Xba12-Eco02	CZE01_705
Xba01-Eco03	AM21_31
Xba02-Eco03	NOR01_1607
Xba03-Eco03	NOR01_1601
Xba04-Eco03	CZE01_701
Xba05-Eco03	LAG_LIF547
Xba06-Eco03	AM42_03
Xba07-Eco03	GER07_313
Xba08-Eco03	CZE01_715
Xba09-Eco03	CZE01_706
Xba10-Eco03	AM21_40
Xba11-Eco03	FRA02_123
Xba12-Eco03	SWE01_1423
Xba01-Eco04	ELS_LIF430
Xba02-Eco04	AUS01_989
Xba03-Eco04	GER07_320
Xba04-Eco04	PIND_06
Xba05-Eco04	LAG_LIF570
Xba06-Eco04	AM21_55
Xba07-Eco04	LAG_LIF577
Xba08-Eco04	SALD_06
Xba09-Eco04	ROM01_1800
Xba10-Eco04	NOR01_1605
Xba11-Eco04	PIND_07
Xba12-Eco04	GER03_315
Xba01-Eco05	COUT_02
Xba02-Eco05	AM104_04
Xba03-Eco05	FRA02_127
Xba04-Eco05	AM42_12
Xba05-Eco05	NOR01_1598
Xba06-Eco05	AM40_15
Xba07-Eco05	AM203_09
Xba08-Eco05	LAG_LIF537
Xba09-Eco05	AM101_25
Xba10-Eco05	AM46_04
Xba11-Eco05	AM204_12
Xba12-Eco05	AM204_21
Xba01-Eco06	AM40_05
Xba02-Eco06	AM46_20
Xba03-Eco06	AM46_01
Xba04-Eco06	AM102_11
Xba05-Eco06	AUS01_979
Xba06-Eco06	AM46_06
Xba07-Eco06	AM103_23
Xba08-Eco06	RIPO_09
Xba09-Eco06	AM103_16
Xba10-Eco06	AM46_03
Xba11-Eco06	AM103_24
Xba12-Eco06	AM204_17
Xba01-Eco07	AM103_13
Xba02-Eco07	NET01_1080
Xba03-Eco07	AM104_05
Xba04-Eco07	FRA02_129
Xba05-Eco07	SALD_07
Xba06-Eco07	AM103_04
Xba07-Eco07	AM103_12
Xba08-Eco07	AM101_10
Xba09-Eco07	AM103_27
Xba10-Eco07	AM43_16
Xba11-Eco07	FRA02_139
Xba12-Eco07	AM103_15
Xba01-Eco08	AM40_16
Xba02-Eco08	SALD_08
Xba03-Eco08	AM103_25
Xba04-Eco08	RIPO_06
Xba05-Eco08	COUT_05
Xba06-Eco08	AM203_25
Xba07-Eco08	AM203_24
Xba08-Eco08	AM103_11
Xba09-Eco08	AM203_26
Xba10-Eco08	AM101_31
Xba11-Eco08	AM40_19
Xba12-Eco08	RIPO_02
	
#S312_ArnicaRAD_TP3_4_S4	
Barcode_combination	individualID
Xba01-Eco01	N3
Xba02-Eco01	LAG_LIF544
Xba03-Eco01	AM09_03
Xba04-Eco01	AM21_34
Xba05-Eco01	GER03_317
Xba06-Eco01	GER03_324
Xba07-Eco01	NET01_1088
Xba08-Eco01	GER03_331
Xba09-Eco01	GER03_330
Xba10-Eco01	NET01_1077
Xba11-Eco01	GER03_319
Xba12-Eco01	GER07_317b
Xba01-Eco02	NET01_1081
Xba02-Eco02	NOR01_1609
Xba03-Eco02	SWE01_1426
Xba04-Eco02	NOR03_396
Xba05-Eco02	AM102_03
Xba06-Eco02	SWE01_1417
Xba07-Eco02	NET01_1082
Xba08-Eco02	GER07_314
Xba09-Eco02	GER07_304
Xba10-Eco02	AM21_52
Xba11-Eco02	LAG_LIF546
Xba12-Eco02	CZE01_705
Xba01-Eco03	AM21_31
Xba02-Eco03	NOR01_1607
Xba03-Eco03	NOR01_1601
Xba04-Eco03	CZE01_701
Xba05-Eco03	LAG_LIF547
Xba06-Eco03	AM42_03
Xba07-Eco03	GER07_313
Xba08-Eco03	CZE01_715
Xba09-Eco03	CZE01_706
Xba10-Eco03	AM21_40
Xba11-Eco03	FRA02_123
Xba12-Eco03	SWE01_1423
Xba01-Eco04	ELS_LIF430
Xba02-Eco04	AUS01_989
Xba03-Eco04	GER07_320
Xba04-Eco04	PIND_06
Xba05-Eco04	LAG_LIF570
Xba06-Eco04	AM21_55
Xba07-Eco04	LAG_LIF577
Xba08-Eco04	SALD_06
Xba09-Eco04	ROM01_1800
Xba10-Eco04	NOR01_1605
Xba11-Eco04	PIND_07
Xba12-Eco04	GER03_315
Xba01-Eco05	COUT_02
Xba02-Eco05	AM104_04
Xba03-Eco05	FRA02_127
Xba04-Eco05	AM42_12
Xba05-Eco05	NOR01_1598
Xba06-Eco05	AM40_15
Xba07-Eco05	AM203_09
Xba08-Eco05	LAG_LIF537
Xba09-Eco05	AM101_25
Xba10-Eco05	AM46_04
Xba11-Eco05	AM204_12
Xba12-Eco05	AM204_21
Xba01-Eco06	AM40_05
Xba02-Eco06	AM46_20
Xba03-Eco06	AM46_01
Xba04-Eco06	AM102_11
Xba05-Eco06	AUS01_979
Xba06-Eco06	AM46_06
Xba07-Eco06	AM103_23
Xba08-Eco06	RIPO_09
Xba09-Eco06	AM103_16
Xba10-Eco06	AM46_03
Xba11-Eco06	AM103_24
Xba12-Eco06	AM204_17
Xba01-Eco07	AM103_13
Xba02-Eco07	NET01_1080
Xba03-Eco07	AM104_05
Xba04-Eco07	FRA02_129
Xba05-Eco07	SALD_07
Xba06-Eco07	AM103_04
Xba07-Eco07	AM103_12
Xba08-Eco07	AM101_10
Xba09-Eco07	AM103_27
Xba10-Eco07	AM43_16
Xba11-Eco07	FRA02_139
Xba12-Eco07	AM103_15
Xba01-Eco08	AM40_16
Xba02-Eco08	SALD_08
Xba03-Eco08	AM103_25
Xba04-Eco08	RIPO_06
Xba05-Eco08	COUT_05
Xba06-Eco08	AM203_25
Xba07-Eco08	AM203_24
Xba08-Eco08	AM103_11
Xba09-Eco08	AM203_26
Xba10-Eco08	AM101_31
Xba11-Eco08	AM40_19
Xba12-Eco08	RIPO_02
	
#S313_ArnicaRAD_TP4_1_S5	
Barcode_combination	individualID
Xba01-Eco01	N3
Xba02-Eco01	LAG_LIF544
Xba03-Eco01	AM09_03
Xba04-Eco01	AM21_34
Xba05-Eco01	GER03_317
Xba06-Eco01	GER03_324
Xba07-Eco01	NET01_1088
Xba08-Eco01	GER03_331
Xba09-Eco01	GER03_330
Xba10-Eco01	NET01_1077
Xba11-Eco01	GER03_319
Xba12-Eco01	GER07_317b
Xba01-Eco02	NET01_1081
Xba02-Eco02	NOR01_1609
Xba03-Eco02	SWE01_1426
Xba04-Eco02	NOR03_396
Xba05-Eco02	AM102_03
Xba06-Eco02	SWE01_1417
Xba07-Eco02	NET01_1082
Xba08-Eco02	GER07_314
Xba09-Eco02	GER07_304
Xba10-Eco02	AM21_52
Xba11-Eco02	LAG_LIF546
Xba12-Eco02	CZE01_705
Xba01-Eco03	AM21_31
Xba02-Eco03	NOR01_1607
Xba03-Eco03	NOR01_1601
Xba04-Eco03	CZE01_701
Xba05-Eco03	LAG_LIF547
Xba06-Eco03	AM42_03
Xba07-Eco03	GER07_313
Xba08-Eco03	CZE01_715
Xba09-Eco03	CZE01_706
Xba10-Eco03	AM21_40
Xba11-Eco03	FRA02_123
Xba12-Eco03	SWE01_1423
Xba01-Eco04	ELS_LIF430
Xba02-Eco04	AUS01_989
Xba03-Eco04	GER07_320
Xba04-Eco04	PIND_06
Xba05-Eco04	LAG_LIF570
Xba06-Eco04	AM21_55
Xba07-Eco04	LAG_LIF577
Xba08-Eco04	SALD_06
Xba09-Eco04	ROM01_1800
Xba10-Eco04	NOR01_1605
Xba11-Eco04	PIND_07
Xba12-Eco04	GER03_315
Xba01-Eco05	COUT_02
Xba02-Eco05	AM104_04
Xba03-Eco05	FRA02_127
Xba04-Eco05	AM42_12
Xba05-Eco05	NOR01_1598
Xba06-Eco05	AM40_15
Xba07-Eco05	AM203_09
Xba08-Eco05	LAG_LIF537
Xba09-Eco05	AM101_25
Xba10-Eco05	AM46_04
Xba11-Eco05	AM204_12
Xba12-Eco05	AM204_21
Xba01-Eco06	AM40_05
Xba02-Eco06	AM46_20
Xba03-Eco06	AM46_01
Xba04-Eco06	AM102_11
Xba05-Eco06	AUS01_979
Xba06-Eco06	AM46_06
Xba07-Eco06	AM103_23
Xba08-Eco06	RIPO_09
Xba09-Eco06	AM103_16
Xba10-Eco06	AM46_03
Xba11-Eco06	AM103_24
Xba12-Eco06	AM204_17
Xba01-Eco07	AM103_13
Xba02-Eco07	NET01_1080
Xba03-Eco07	AM104_05
Xba04-Eco07	FRA02_129
Xba05-Eco07	SALD_07
Xba06-Eco07	AM103_04
Xba07-Eco07	AM103_12
Xba08-Eco07	AM101_10
Xba09-Eco07	AM103_27
Xba10-Eco07	AM43_16
Xba11-Eco07	FRA02_139
Xba12-Eco07	AM103_15
Xba01-Eco08	AM40_16
Xba02-Eco08	SALD_08
Xba03-Eco08	AM103_25
Xba04-Eco08	RIPO_06
Xba05-Eco08	COUT_05
Xba06-Eco08	AM203_25
Xba07-Eco08	AM203_24
Xba08-Eco08	AM103_11
Xba09-Eco08	AM203_26
Xba10-Eco08	AM101_31
Xba11-Eco08	AM40_19
Xba12-Eco08	RIPO_02
	
#S314_ArnicaRAD_TP4_2_S6	
Barcode_combination	individualID
Xba01-Eco01	N3
Xba02-Eco01	LAG_LIF544
Xba03-Eco01	AM09_03
Xba04-Eco01	AM21_34
Xba05-Eco01	GER03_317
Xba06-Eco01	GER03_324
Xba07-Eco01	NET01_1088
Xba08-Eco01	GER03_331
Xba09-Eco01	GER03_330
Xba10-Eco01	NET01_1077
Xba11-Eco01	GER03_319
Xba12-Eco01	GER07_317b
Xba01-Eco02	NET01_1081
Xba02-Eco02	NOR01_1609
Xba03-Eco02	SWE01_1426
Xba04-Eco02	NOR03_396
Xba05-Eco02	AM102_03
Xba06-Eco02	SWE01_1417
Xba07-Eco02	NET01_1082
Xba08-Eco02	GER07_314
Xba09-Eco02	GER07_304
Xba10-Eco02	AM21_52
Xba11-Eco02	LAG_LIF546
Xba12-Eco02	CZE01_705
Xba01-Eco03	AM21_31
Xba02-Eco03	NOR01_1607
Xba03-Eco03	NOR01_1601
Xba04-Eco03	CZE01_701
Xba05-Eco03	LAG_LIF547
Xba06-Eco03	AM42_03
Xba07-Eco03	GER07_313
Xba08-Eco03	CZE01_715
Xba09-Eco03	CZE01_706
Xba10-Eco03	AM21_40
Xba11-Eco03	FRA02_123
Xba12-Eco03	SWE01_1423
Xba01-Eco04	ELS_LIF430
Xba02-Eco04	AUS01_989
Xba03-Eco04	GER07_320
Xba04-Eco04	PIND_06
Xba05-Eco04	LAG_LIF570
Xba06-Eco04	AM21_55
Xba07-Eco04	LAG_LIF577
Xba08-Eco04	SALD_06
Xba09-Eco04	ROM01_1800
Xba10-Eco04	NOR01_1605
Xba11-Eco04	PIND_07
Xba12-Eco04	GER03_315
Xba01-Eco05	COUT_02
Xba02-Eco05	AM104_04
Xba03-Eco05	FRA02_127
Xba04-Eco05	AM42_12
Xba05-Eco05	NOR01_1598
Xba06-Eco05	AM40_15
Xba07-Eco05	AM203_09
Xba08-Eco05	LAG_LIF537
Xba09-Eco05	AM101_25
Xba10-Eco05	AM46_04
Xba11-Eco05	AM204_12
Xba12-Eco05	AM204_21
Xba01-Eco06	AM40_05
Xba02-Eco06	AM46_20
Xba03-Eco06	AM46_01
Xba04-Eco06	AM102_11
Xba05-Eco06	AUS01_979
Xba06-Eco06	AM46_06
Xba07-Eco06	AM103_23
Xba08-Eco06	RIPO_09
Xba09-Eco06	AM103_16
Xba10-Eco06	AM46_03
Xba11-Eco06	AM103_24
Xba12-Eco06	AM204_17
Xba01-Eco07	AM103_13
Xba02-Eco07	NET01_1080
Xba03-Eco07	AM104_05
Xba04-Eco07	FRA02_129
Xba05-Eco07	SALD_07
Xba06-Eco07	AM103_04
Xba07-Eco07	AM103_12
Xba08-Eco07	AM101_10
Xba09-Eco07	AM103_27
Xba10-Eco07	AM43_16
Xba11-Eco07	FRA02_139
Xba12-Eco07	AM103_15
Xba01-Eco08	AM40_16
Xba02-Eco08	SALD_08
Xba03-Eco08	AM103_25
Xba04-Eco08	RIPO_06
Xba05-Eco08	COUT_05
Xba06-Eco08	AM203_25
Xba07-Eco08	AM203_24
Xba08-Eco08	AM103_11
Xba09-Eco08	AM203_26
Xba10-Eco08	AM101_31
Xba11-Eco08	AM40_19
Xba12-Eco08	RIPO_02
	
#S315_ArnicaRAD_TP4_3_S7	
Barcode_combination	individualID
Xba01-Eco01	N3
Xba02-Eco01	LAG_LIF544
Xba03-Eco01	AM09_03
Xba04-Eco01	AM21_34
Xba05-Eco01	GER03_317
Xba06-Eco01	GER03_324
Xba07-Eco01	NET01_1088
Xba08-Eco01	GER03_331
Xba09-Eco01	GER03_330
Xba10-Eco01	NET01_1077
Xba11-Eco01	GER03_319
Xba12-Eco01	GER07_317b
Xba01-Eco02	NET01_1081
Xba02-Eco02	NOR01_1609
Xba03-Eco02	SWE01_1426
Xba04-Eco02	NOR03_396
Xba05-Eco02	AM102_03
Xba06-Eco02	SWE01_1417
Xba07-Eco02	NET01_1082
Xba08-Eco02	GER07_314
Xba09-Eco02	GER07_304
Xba10-Eco02	AM21_52
Xba11-Eco02	LAG_LIF546
Xba12-Eco02	CZE01_705
Xba01-Eco03	AM21_31
Xba02-Eco03	NOR01_1607
Xba03-Eco03	NOR01_1601
Xba04-Eco03	CZE01_701
Xba05-Eco03	LAG_LIF547
Xba06-Eco03	AM42_03
Xba07-Eco03	GER07_313
Xba08-Eco03	CZE01_715
Xba09-Eco03	CZE01_706
Xba10-Eco03	AM21_40
Xba11-Eco03	FRA02_123
Xba12-Eco03	SWE01_1423
Xba01-Eco04	ELS_LIF430
Xba02-Eco04	AUS01_989
Xba03-Eco04	GER07_320
Xba04-Eco04	PIND_06
Xba05-Eco04	LAG_LIF570
Xba06-Eco04	AM21_55
Xba07-Eco04	LAG_LIF577
Xba08-Eco04	SALD_06
Xba09-Eco04	ROM01_1800
Xba10-Eco04	NOR01_1605
Xba11-Eco04	PIND_07
Xba12-Eco04	GER03_315
Xba01-Eco05	COUT_02
Xba02-Eco05	AM104_04
Xba03-Eco05	FRA02_127
Xba04-Eco05	AM42_12
Xba05-Eco05	NOR01_1598
Xba06-Eco05	AM40_15
Xba07-Eco05	AM203_09
Xba08-Eco05	LAG_LIF537
Xba09-Eco05	AM101_25
Xba10-Eco05	AM46_04
Xba11-Eco05	AM204_12
Xba12-Eco05	AM204_21
Xba01-Eco06	AM40_05
Xba02-Eco06	AM46_20
Xba03-Eco06	AM46_01
Xba04-Eco06	AM102_11
Xba05-Eco06	AUS01_979
Xba06-Eco06	AM46_06
Xba07-Eco06	AM103_23
Xba08-Eco06	RIPO_09
Xba09-Eco06	AM103_16
Xba10-Eco06	AM46_03
Xba11-Eco06	AM103_24
Xba12-Eco06	AM204_17
Xba01-Eco07	AM103_13
Xba02-Eco07	NET01_1080
Xba03-Eco07	AM104_05
Xba04-Eco07	FRA02_129
Xba05-Eco07	SALD_07
Xba06-Eco07	AM103_04
Xba07-Eco07	AM103_12
Xba08-Eco07	AM101_10
Xba09-Eco07	AM103_27
Xba10-Eco07	AM43_16
Xba11-Eco07	FRA02_139
Xba12-Eco07	AM103_15
Xba01-Eco08	AM40_16
Xba02-Eco08	SALD_08
Xba03-Eco08	AM103_25
Xba04-Eco08	RIPO_06
Xba05-Eco08	COUT_05
Xba06-Eco08	AM203_25
Xba07-Eco08	AM203_24
Xba08-Eco08	AM103_11
Xba09-Eco08	AM203_26
Xba10-Eco08	AM101_31
Xba11-Eco08	AM40_19
Xba12-Eco08	RIPO_02
	
#S316_ArnicaRAD_TP4_4_S8	
Barcode_combination	individualID
Xba01-Eco01	N3
Xba02-Eco01	LAG_LIF544
Xba03-Eco01	AM09_03
Xba04-Eco01	AM21_34
Xba05-Eco01	GER03_317
Xba06-Eco01	GER03_324
Xba07-Eco01	NET01_1088
Xba08-Eco01	GER03_331
Xba09-Eco01	GER03_330
Xba10-Eco01	NET01_1077
Xba11-Eco01	GER03_319
Xba12-Eco01	GER07_317b
Xba01-Eco02	NET01_1081
Xba02-Eco02	NOR01_1609
Xba03-Eco02	SWE01_1426
Xba04-Eco02	NOR03_396
Xba05-Eco02	AM102_03
Xba06-Eco02	SWE01_1417
Xba07-Eco02	NET01_1082
Xba08-Eco02	GER07_314
Xba09-Eco02	GER07_304
Xba10-Eco02	AM21_52
Xba11-Eco02	LAG_LIF546
Xba12-Eco02	CZE01_705
Xba01-Eco03	AM21_31
Xba02-Eco03	NOR01_1607
Xba03-Eco03	NOR01_1601
Xba04-Eco03	CZE01_701
Xba05-Eco03	LAG_LIF547
Xba06-Eco03	AM42_03
Xba07-Eco03	GER07_313
Xba08-Eco03	CZE01_715
Xba09-Eco03	CZE01_706
Xba10-Eco03	AM21_40
Xba11-Eco03	FRA02_123
Xba12-Eco03	SWE01_1423
Xba01-Eco04	ELS_LIF430
Xba02-Eco04	AUS01_989
Xba03-Eco04	GER07_320
Xba04-Eco04	PIND_06
Xba05-Eco04	LAG_LIF570
Xba06-Eco04	AM21_55
Xba07-Eco04	LAG_LIF577
Xba08-Eco04	SALD_06
Xba09-Eco04	ROM01_1800
Xba10-Eco04	NOR01_1605
Xba11-Eco04	PIND_07
Xba12-Eco04	GER03_315
Xba01-Eco05	COUT_02
Xba02-Eco05	AM104_04
Xba03-Eco05	FRA02_127
Xba04-Eco05	AM42_12
Xba05-Eco05	NOR01_1598
Xba06-Eco05	AM40_15
Xba07-Eco05	AM203_09
Xba08-Eco05	LAG_LIF537
Xba09-Eco05	AM101_25
Xba10-Eco05	AM46_04
Xba11-Eco05	AM204_12
Xba12-Eco05	AM204_21
Xba01-Eco06	AM40_05
Xba02-Eco06	AM46_20
Xba03-Eco06	AM46_01
Xba04-Eco06	AM102_11
Xba05-Eco06	AUS01_979
Xba06-Eco06	AM46_06
Xba07-Eco06	AM103_23
Xba08-Eco06	RIPO_09
Xba09-Eco06	AM103_16
Xba10-Eco06	AM46_03
Xba11-Eco06	AM103_24
Xba12-Eco06	AM204_17
Xba01-Eco07	AM103_13
Xba02-Eco07	NET01_1080
Xba03-Eco07	AM104_05
Xba04-Eco07	FRA02_129
Xba05-Eco07	SALD_07
Xba06-Eco07	AM103_04
Xba07-Eco07	AM103_12
Xba08-Eco07	AM101_10
Xba09-Eco07	AM103_27
Xba10-Eco07	AM43_16
Xba11-Eco07	FRA02_139
Xba12-Eco07	AM103_15
Xba01-Eco08	AM40_16
Xba02-Eco08	SALD_08
Xba03-Eco08	AM103_25
Xba04-Eco08	RIPO_06
Xba05-Eco08	COUT_05
Xba06-Eco08	AM203_25
Xba07-Eco08	AM203_24
Xba08-Eco08	AM103_11
Xba09-Eco08	AM203_26
Xba10-Eco08	AM101_31
Xba11-Eco08	AM40_19
Xba12-Eco08	RIPO_02
	
#S317_ArnicaRAD_TP5_1_S9	
Barcode_combination	individualID
Xba01-Eco01	N4
Xba02-Eco01	AM40_06
Xba03-Eco01	AM204_24
Xba04-Eco01	AM203_15
Xba05-Eco01	ROM01_1811
Xba06-Eco01	AM37_01
Xba07-Eco01	LIT02_1313
Xba08-Eco01	LIT02_1323
Xba09-Eco01	SALD_01
Xba10-Eco01	SALD_10
Xba11-Eco01	AM203_30
Xba12-Eco01	AM37_14
Xba01-Eco02	CZE01_703
Xba02-Eco02	AM103_20
Xba03-Eco02	AM104_30
Xba04-Eco02	ELS_LIF429
Xba05-Eco02	AM203_16
Xba06-Eco02	AUS01_987
Xba07-Eco02	AM104_07
Xba08-Eco02	AM101_08
Xba09-Eco02	AM304_01
Xba10-Eco02	FRA01_71
Xba11-Eco02	AM102_02
Xba12-Eco02	AM205_01
Xba01-Eco03	AUS01_990
Xba02-Eco03	AM103_08
Xba03-Eco03	RIPO_10
Xba04-Eco03	AUS01_978
Xba05-Eco03	AM46_07
Xba06-Eco03	ITA05_550
Xba07-Eco03	LIT02_1317
Xba08-Eco03	PIND_01
Xba09-Eco03	AM43_05
Xba10-Eco03	AM204_15
Xba11-Eco03	ELS_LIF419
Xba12-Eco03	AM204_20
Xba01-Eco04	AM104_10
Xba02-Eco04	AM43_06
Xba03-Eco04	NOR03_405
Xba04-Eco04	ITA01_661
Xba05-Eco04	AM101_11
Xba06-Eco04	AM103_03
Xba07-Eco04	ELS_LIF434
Xba08-Eco04	SALD_04
Xba09-Eco04	AM104_14
Xba10-Eco04	AM204_11
Xba11-Eco04	AM46_19
Xba12-Eco04	AM103_01
Xba01-Eco05	AM101_27
Xba02-Eco05	SWE01_1422
Xba03-Eco05	AUS01_982
Xba04-Eco05	AM101_29
Xba05-Eco05	PIND_05
Xba06-Eco05	ELS_LIF435
Xba07-Eco05	AM101_06
Xba08-Eco05	PIND_03
Xba09-Eco05	AM101_16
Xba10-Eco05	RIPO_13
Xba11-Eco05	COUT_03
Xba12-Eco05	ITA05_549
Xba01-Eco06	AM101_05
Xba02-Eco06	AM43_19
Xba03-Eco06	AM104_06
Xba04-Eco06	NOR03_394
Xba05-Eco06	AM104_12
Xba06-Eco06	ITA01_676
Xba07-Eco06	AM46_13
Xba08-Eco06	AM205_01
Xba09-Eco06	AM46_22
Xba10-Eco06	AM103_06
Xba11-Eco06	AM104_01
Xba12-Eco06	ITA01_670
Xba01-Eco07	AM42_04
Xba02-Eco07	LIT02_1318
Xba03-Eco07	AM43_03
Xba04-Eco07	AM46_15
Xba05-Eco07	AM46_08
Xba06-Eco07	AM37_19
Xba07-Eco07	AM46_05
Xba08-Eco07	AM37_15
Xba09-Eco07	POZO_04
Xba10-Eco07	AM30_01
Xba11-Eco07	DEN03_1179
Xba12-Eco07	POZO_09
Xba01-Eco08	ITA05_546
Xba02-Eco08	ITA05_542
Xba03-Eco08	AM202_02
Xba04-Eco08	AM37_10
Xba05-Eco08	NOR03_404
Xba06-Eco08	COUT_04
	
#S317_ArnicaRAD_TP5_1_S9	
Barcode_combination	individualID
Xba01-Eco01	N4
Xba02-Eco01	AM40_06
Xba03-Eco01	AM204_24
Xba04-Eco01	AM203_15
Xba05-Eco01	ROM01_1811
Xba06-Eco01	AM37_01
Xba07-Eco01	LIT02_1313
Xba08-Eco01	LIT02_1323
Xba09-Eco01	SALD_01
Xba10-Eco01	SALD_10
Xba11-Eco01	AM203_30
Xba12-Eco01	AM37_14
Xba01-Eco02	CZE01_703
Xba02-Eco02	AM103_20
Xba03-Eco02	AM104_30
Xba04-Eco02	ELS_LIF429
Xba05-Eco02	AM203_16
Xba06-Eco02	AUS01_987
Xba07-Eco02	AM104_07
Xba08-Eco02	AM101_08
Xba09-Eco02	AM304_01
Xba10-Eco02	FRA01_71
Xba11-Eco02	AM102_02
Xba12-Eco02	AM205_01
Xba01-Eco03	AUS01_990
Xba02-Eco03	AM103_08
Xba03-Eco03	RIPO_10
Xba04-Eco03	AUS01_978
Xba05-Eco03	AM46_07
Xba06-Eco03	ITA05_550
Xba07-Eco03	LIT02_1317
Xba08-Eco03	PIND_01
Xba09-Eco03	AM43_05
Xba10-Eco03	AM204_15
Xba11-Eco03	ELS_LIF419
Xba12-Eco03	AM204_20
Xba01-Eco04	AM104_10
Xba02-Eco04	AM43_06
Xba03-Eco04	NOR03_405
Xba04-Eco04	ITA01_661
Xba05-Eco04	AM101_11
Xba06-Eco04	AM103_03
Xba07-Eco04	ELS_LIF434
Xba08-Eco04	SALD_04
Xba09-Eco04	AM104_14
Xba10-Eco04	AM204_11
Xba11-Eco04	AM46_19
Xba12-Eco04	AM103_01
Xba01-Eco05	AM101_27
Xba02-Eco05	SWE01_1422
Xba03-Eco05	AUS01_982
Xba04-Eco05	AM101_29
Xba05-Eco05	PIND_05
Xba06-Eco05	ELS_LIF435
Xba07-Eco05	AM101_06
Xba08-Eco05	PIND_03
Xba09-Eco05	AM101_16
Xba10-Eco05	RIPO_13
Xba11-Eco05	COUT_03
Xba12-Eco05	ITA05_549
Xba01-Eco06	AM101_05
Xba02-Eco06	AM43_19
Xba03-Eco06	AM104_06
Xba04-Eco06	NOR03_394
Xba05-Eco06	AM104_12
Xba06-Eco06	ITA01_676
Xba07-Eco06	AM46_13
Xba08-Eco06	AM205_01
Xba09-Eco06	AM46_22
Xba10-Eco06	AM103_06
Xba11-Eco06	AM104_01
Xba12-Eco06	ITA01_670
Xba01-Eco07	AM42_04
Xba02-Eco07	LIT02_1318
Xba03-Eco07	AM43_03
Xba04-Eco07	AM46_15
Xba05-Eco07	AM46_08
Xba06-Eco07	AM37_19
Xba07-Eco07	AM46_05
Xba08-Eco07	AM37_15
Xba09-Eco07	POZO_04
Xba10-Eco07	AM30_01
Xba11-Eco07	DEN03_1179
Xba12-Eco07	POZO_09
Xba01-Eco08	ITA05_546
Xba02-Eco08	ITA05_542
Xba03-Eco08	AM202_02
Xba04-Eco08	AM37_10
Xba05-Eco08	NOR03_404
Xba06-Eco08	COUT_04
	
#S318_ArnicaRAD_TP5_2_S10	
Barcode_combination	individualID
Xba01-Eco01	N4
Xba02-Eco01	AM40_06
Xba03-Eco01	AM204_24
Xba04-Eco01	AM203_15
Xba05-Eco01	ROM01_1811
Xba06-Eco01	AM37_01
Xba07-Eco01	LIT02_1313
Xba08-Eco01	LIT02_1323
Xba09-Eco01	SALD_01
Xba10-Eco01	SALD_10
Xba11-Eco01	AM203_30
Xba12-Eco01	AM37_14
Xba01-Eco02	CZE01_703
Xba02-Eco02	AM103_20
Xba03-Eco02	AM104_30
Xba04-Eco02	ELS_LIF429
Xba05-Eco02	AM203_16
Xba06-Eco02	AUS01_987
Xba07-Eco02	AM104_07
Xba08-Eco02	AM101_08
Xba09-Eco02	AM304_01
Xba10-Eco02	FRA01_71
Xba11-Eco02	AM102_02
Xba12-Eco02	AM205_01
Xba01-Eco03	AUS01_990
Xba02-Eco03	AM103_08
Xba03-Eco03	RIPO_10
Xba04-Eco03	AUS01_978
Xba05-Eco03	AM46_07
Xba06-Eco03	ITA05_550
Xba07-Eco03	LIT02_1317
Xba08-Eco03	PIND_01
Xba09-Eco03	AM43_05
Xba10-Eco03	AM204_15
Xba11-Eco03	ELS_LIF419
Xba12-Eco03	AM204_20
Xba01-Eco04	AM104_10
Xba02-Eco04	AM43_06
Xba03-Eco04	NOR03_405
Xba04-Eco04	ITA01_661
Xba05-Eco04	AM101_11
Xba06-Eco04	AM103_03
Xba07-Eco04	ELS_LIF434
Xba08-Eco04	SALD_04
Xba09-Eco04	AM104_14
Xba10-Eco04	AM204_11
Xba11-Eco04	AM46_19
Xba12-Eco04	AM103_01
Xba01-Eco05	AM101_27
Xba02-Eco05	SWE01_1422
Xba03-Eco05	AUS01_982
Xba04-Eco05	AM101_29
Xba05-Eco05	PIND_05
Xba06-Eco05	ELS_LIF435
Xba07-Eco05	AM101_06
Xba08-Eco05	PIND_03
Xba09-Eco05	AM101_16
Xba10-Eco05	RIPO_13
Xba11-Eco05	COUT_03
Xba12-Eco05	ITA05_549
Xba01-Eco06	AM101_05
Xba02-Eco06	AM43_19
Xba03-Eco06	AM104_06
Xba04-Eco06	NOR03_394
Xba05-Eco06	AM104_12
Xba06-Eco06	ITA01_676
Xba07-Eco06	AM46_13
Xba08-Eco06	AM205_01
Xba09-Eco06	AM46_22
Xba10-Eco06	AM103_06
Xba11-Eco06	AM104_01
Xba12-Eco06	ITA01_670
Xba01-Eco07	AM42_04
Xba02-Eco07	LIT02_1318
Xba03-Eco07	AM43_03
Xba04-Eco07	AM46_15
Xba05-Eco07	AM46_08
Xba06-Eco07	AM37_19
Xba07-Eco07	AM46_05
Xba08-Eco07	AM37_15
Xba09-Eco07	POZO_04
Xba10-Eco07	AM30_01
Xba11-Eco07	DEN03_1179
Xba12-Eco07	POZO_09
Xba01-Eco08	ITA05_546
Xba02-Eco08	ITA05_542
Xba03-Eco08	AM202_02
Xba04-Eco08	AM37_10
Xba05-Eco08	NOR03_404
Xba06-Eco08	COUT_04
	
#S319_ArnicaRAD_TP5_3_S11	
Barcode_combination	individualID
Xba01-Eco01	N4
Xba02-Eco01	AM40_06
Xba03-Eco01	AM204_24
Xba04-Eco01	AM203_15
Xba05-Eco01	ROM01_1811
Xba06-Eco01	AM37_01
Xba07-Eco01	LIT02_1313
Xba08-Eco01	LIT02_1323
Xba09-Eco01	SALD_01
Xba10-Eco01	SALD_10
Xba11-Eco01	AM203_30
Xba12-Eco01	AM37_14
Xba01-Eco02	CZE01_703
Xba02-Eco02	AM103_20
Xba03-Eco02	AM104_30
Xba04-Eco02	ELS_LIF429
Xba05-Eco02	AM203_16
Xba06-Eco02	AUS01_987
Xba07-Eco02	AM104_07
Xba08-Eco02	AM101_08
Xba09-Eco02	AM304_01
Xba10-Eco02	FRA01_71
Xba11-Eco02	AM102_02
Xba12-Eco02	AM205_01
Xba01-Eco03	AUS01_990
Xba02-Eco03	AM103_08
Xba03-Eco03	RIPO_10
Xba04-Eco03	AUS01_978
Xba05-Eco03	AM46_07
Xba06-Eco03	ITA05_550
Xba07-Eco03	LIT02_1317
Xba08-Eco03	PIND_01
Xba09-Eco03	AM43_05
Xba10-Eco03	AM204_15
Xba11-Eco03	ELS_LIF419
Xba12-Eco03	AM204_20
Xba01-Eco04	AM104_10
Xba02-Eco04	AM43_06
Xba03-Eco04	NOR03_405
Xba04-Eco04	ITA01_661
Xba05-Eco04	AM101_11
Xba06-Eco04	AM103_03
Xba07-Eco04	ELS_LIF434
Xba08-Eco04	SALD_04
Xba09-Eco04	AM104_14
Xba10-Eco04	AM204_11
Xba11-Eco04	AM46_19
Xba12-Eco04	AM103_01
Xba01-Eco05	AM101_27
Xba02-Eco05	SWE01_1422
Xba03-Eco05	AUS01_982
Xba04-Eco05	AM101_29
Xba05-Eco05	PIND_05
Xba06-Eco05	ELS_LIF435
Xba07-Eco05	AM101_06
Xba08-Eco05	PIND_03
Xba09-Eco05	AM101_16
Xba10-Eco05	RIPO_13
Xba11-Eco05	COUT_03
Xba12-Eco05	ITA05_549
Xba01-Eco06	AM101_05
Xba02-Eco06	AM43_19
Xba03-Eco06	AM104_06
Xba04-Eco06	NOR03_394
Xba05-Eco06	AM104_12
Xba06-Eco06	ITA01_676
Xba07-Eco06	AM46_13
Xba08-Eco06	AM205_01
Xba09-Eco06	AM46_22
Xba10-Eco06	AM103_06
Xba11-Eco06	AM104_01
Xba12-Eco06	ITA01_670
Xba01-Eco07	AM42_04
Xba02-Eco07	LIT02_1318
Xba03-Eco07	AM43_03
Xba04-Eco07	AM46_15
Xba05-Eco07	AM46_08
Xba06-Eco07	AM37_19
Xba07-Eco07	AM46_05
Xba08-Eco07	AM37_15
Xba09-Eco07	POZO_04
Xba10-Eco07	AM30_01
Xba11-Eco07	DEN03_1179
Xba12-Eco07	POZO_09
Xba01-Eco08	ITA05_546
Xba02-Eco08	ITA05_542
Xba03-Eco08	AM202_02
Xba04-Eco08	AM37_10
Xba05-Eco08	NOR03_404
Xba06-Eco08	COUT_04
	
#S320_ArnicaRAD_TP5_4_S12	
Barcode_combination	individualID
Xba01-Eco01	N4
Xba02-Eco01	AM40_06
Xba03-Eco01	AM204_24
Xba04-Eco01	AM203_15
Xba05-Eco01	ROM01_1811
Xba06-Eco01	AM37_01
Xba07-Eco01	LIT02_1313
Xba08-Eco01	LIT02_1323
Xba09-Eco01	SALD_01
Xba10-Eco01	SALD_10
Xba11-Eco01	AM203_30
Xba12-Eco01	AM37_14
Xba01-Eco02	CZE01_703
Xba02-Eco02	AM103_20
Xba03-Eco02	AM104_30
Xba04-Eco02	ELS_LIF429
Xba05-Eco02	AM203_16
Xba06-Eco02	AUS01_987
Xba07-Eco02	AM104_07
Xba08-Eco02	AM101_08
Xba09-Eco02	AM304_01
Xba10-Eco02	FRA01_71
Xba11-Eco02	AM102_02
Xba12-Eco02	AM205_01
Xba01-Eco03	AUS01_990
Xba02-Eco03	AM103_08
Xba03-Eco03	RIPO_10
Xba04-Eco03	AUS01_978
Xba05-Eco03	AM46_07
Xba06-Eco03	ITA05_550
Xba07-Eco03	LIT02_1317
Xba08-Eco03	PIND_01
Xba09-Eco03	AM43_05
Xba10-Eco03	AM204_15
Xba11-Eco03	ELS_LIF419
Xba12-Eco03	AM204_20
Xba01-Eco04	AM104_10
Xba02-Eco04	AM43_06
Xba03-Eco04	NOR03_405
Xba04-Eco04	ITA01_661
Xba05-Eco04	AM101_11
Xba06-Eco04	AM103_03
Xba07-Eco04	ELS_LIF434
Xba08-Eco04	SALD_04
Xba09-Eco04	AM104_14
Xba10-Eco04	AM204_11
Xba11-Eco04	AM46_19
Xba12-Eco04	AM103_01
Xba01-Eco05	AM101_27
Xba02-Eco05	SWE01_1422
Xba03-Eco05	AUS01_982
Xba04-Eco05	AM101_29
Xba05-Eco05	PIND_05
Xba06-Eco05	ELS_LIF435
Xba07-Eco05	AM101_06
Xba08-Eco05	PIND_03
Xba09-Eco05	AM101_16
Xba10-Eco05	RIPO_13
Xba11-Eco05	COUT_03
Xba12-Eco05	ITA05_549
Xba01-Eco06	AM101_05
Xba02-Eco06	AM43_19
Xba03-Eco06	AM104_06
Xba04-Eco06	NOR03_394
Xba05-Eco06	AM104_12
Xba06-Eco06	ITA01_676
Xba07-Eco06	AM46_13
Xba08-Eco06	AM205_01
Xba09-Eco06	AM46_22
Xba10-Eco06	AM103_06
Xba11-Eco06	AM104_01
Xba12-Eco06	ITA01_670
Xba01-Eco07	AM42_04
Xba02-Eco07	LIT02_1318
Xba03-Eco07	AM43_03
Xba04-Eco07	AM46_15
Xba05-Eco07	AM46_08
Xba06-Eco07	AM37_19
Xba07-Eco07	AM46_05
Xba08-Eco07	AM37_15
Xba09-Eco07	POZO_04
Xba10-Eco07	AM30_01
Xba11-Eco07	DEN03_1179
Xba12-Eco07	POZO_09
Xba01-Eco08	ITA05_546
Xba02-Eco08	ITA05_542
Xba03-Eco08	AM202_02
Xba04-Eco08	AM37_10
Xba05-Eco08	NOR03_404
Xba06-Eco08	COUT_04
	
#S321_ArnicaRAD_TP6_1_S13	
Barcode_combination	individualID
Xba01-Eco01	AMT01-AM101_15-p1
Xba02-Eco02	AMT02-AM102_20-3Q
Xba03-Eco03	AMT03-AM101_15-2Q
Xba04-Eco04	AMT04-AM102_20-p1
Xba05-Eco05	AMT05-AM102_20-2Q
Xba06-Eco06	AMT06-AM103_19-2Q
Xba07-Eco07	AMT07-AM103_21-6Q
Xba08-Eco08	AMT08-AM103_19-p1
Xba09-Eco09	AMT09-AM104_18-p1
Xba11-Eco11	AMT10-AM104_18-2Q
Xba12-Eco12	AMT11-AM104_02-6Q
Xba10-Eco12	AMT12-NC
Xba01-Eco02	AMT13-AM09_09
Xba10-Eco11	AMT14-AM15_05
Xba11-Eco12	AMT15-AM15_08
Xba06-Eco07	AMT16-AM37_01
Xba03-Eco04	AMT17-AM45_01
Xba02-Eco03	AMT18-AM46_01
Xba04-Eco05	AMT19-AM21_01
Xba05-Eco06	AMT20-AM22_11
Xba07-Eco08	AMT21-AM23_07
Xba09-Eco09	AMT22-AM104_18-p1
Xba12-Eco12	AMT23-AM104_02-6Q
Xba08-Eco01	AMT24-NC
	
#S322_ArnicaRAD_TP6_2_S14	
Barcode_combination	individualID
Xba01-Eco01	AMT01-AM101_15-p1
Xba02-Eco02	AMT02-AM102_20-3Q
Xba03-Eco03	AMT03-AM101_15-2Q
Xba04-Eco04	AMT04-AM102_20-p1
Xba05-Eco05	AMT05-AM102_20-2Q
Xba06-Eco06	AMT06-AM103_19-2Q
Xba07-Eco07	AMT07-AM103_21-6Q
Xba08-Eco08	AMT08-AM103_19-p1
Xba09-Eco09	AMT09-AM104_18-p1
Xba11-Eco11	AMT10-AM104_18-2Q
Xba12-Eco12	AMT11-AM104_02-6Q
Xba10-Eco12	AMT12-NC
Xba01-Eco02	AMT13-AM09_09
Xba10-Eco11	AMT14-AM15_05
Xba11-Eco12	AMT15-AM15_08
Xba06-Eco07	AMT16-AM37_01
Xba03-Eco04	AMT17-AM45_01
Xba02-Eco03	AMT18-AM46_01
Xba04-Eco05	AMT19-AM21_01
Xba05-Eco06	AMT20-AM22_11
Xba07-Eco08	AMT21-AM23_07
Xba09-Eco09	AMT22-AM104_18-p1
Xba12-Eco12	AMT23-AM104_02-6Q
Xba08-Eco01	AMT24-NC
	
#S323_ArnicaRAD_TP6_3_S15	
Barcode_combination	individualID
Xba01-Eco01	AMT01-AM101_15-p1
Xba02-Eco02	AMT02-AM102_20-3Q
Xba03-Eco03	AMT03-AM101_15-2Q
Xba04-Eco04	AMT04-AM102_20-p1
Xba05-Eco05	AMT05-AM102_20-2Q
Xba06-Eco06	AMT06-AM103_19-2Q
Xba07-Eco07	AMT07-AM103_21-6Q
Xba08-Eco08	AMT08-AM103_19-p1
Xba09-Eco09	AMT09-AM104_18-p1
Xba11-Eco11	AMT10-AM104_18-2Q
Xba12-Eco12	AMT11-AM104_02-6Q
Xba10-Eco12	AMT12-NC
Xba01-Eco02	AMT13-AM09_09
Xba10-Eco11	AMT14-AM15_05
Xba11-Eco12	AMT15-AM15_08
Xba06-Eco07	AMT16-AM37_01
Xba03-Eco04	AMT17-AM45_01
Xba02-Eco03	AMT18-AM46_01
Xba04-Eco05	AMT19-AM21_01
Xba05-Eco06	AMT20-AM22_11
Xba07-Eco08	AMT21-AM23_07
Xba09-Eco09	AMT22-AM104_18-p1
Xba12-Eco12	AMT23-AM104_02-6Q
Xba08-Eco01	AMT24-NC
	
#S324_ArnicaRAD_TP6_4_S16	
Barcode_combination	individualID
Xba01-Eco01	AMT01-AM101_15-p1
Xba02-Eco02	AMT02-AM102_20-3Q
Xba03-Eco03	AMT03-AM101_15-2Q
Xba04-Eco04	AMT04-AM102_20-p1
Xba05-Eco05	AMT05-AM102_20-2Q
Xba06-Eco06	AMT06-AM103_19-2Q
Xba07-Eco07	AMT07-AM103_21-6Q
Xba08-Eco08	AMT08-AM103_19-p1
Xba09-Eco09	AMT09-AM104_18-p1
Xba11-Eco11	AMT10-AM104_18-2Q
Xba12-Eco12	AMT11-AM104_02-6Q
Xba10-Eco12	AMT12-NC
Xba01-Eco02	AMT13-AM09_09
Xba10-Eco11	AMT14-AM15_05
Xba11-Eco12	AMT15-AM15_08
Xba06-Eco07	AMT16-AM37_01
Xba03-Eco04	AMT17-AM45_01
Xba02-Eco03	AMT18-AM46_01
Xba04-Eco05	AMT19-AM21_01
Xba05-Eco06	AMT20-AM22_11
Xba07-Eco08	AMT21-AM23_07
Xba09-Eco09	AMT22-AM104_18-p1
Xba12-Eco12	AMT23-AM104_02-6Q
Xba08-Eco01	AMT24-NC